package-info.java,AnalysisData/Source/package-info.java/src_uniq_0
Messages.java,AnalysisData/Source/Messages.java/src_uniq_4
Messages.java,AnalysisData/Source/Messages.java/src_uniq_0
Messages.java,AnalysisData/Source/Messages.java/src_uniq_10
Messages.java,AnalysisData/Source/Messages.java/src_uniq_1
Messages.java,AnalysisData/Source/Messages.java/src_uniq_15
Main.java,AnalysisData/Source/Main.java/src_uniq_0
Util.java,AnalysisData/Source/Util.java/src_uniq_7
Util.java,AnalysisData/Source/Util.java/src_uniq_11
Util.java,AnalysisData/Source/Util.java/src_uniq_1
Util.java,AnalysisData/Source/Util.java/src_uniq_15
Activator.java,AnalysisData/Source/Activator.java/src_uniq_4
Activator.java,AnalysisData/Source/Activator.java/src_uniq_1
Activator.java,AnalysisData/Source/Activator.java/src_uniq_2
Activator.java,AnalysisData/Source/Activator.java/src_uniq_3
Constants.java,AnalysisData/Source/Constants.java/src_uniq_7
Constants.java,AnalysisData/Source/Constants.java/src_uniq_0
Constants.java,AnalysisData/Source/Constants.java/src_uniq_1
Constants.java,AnalysisData/Source/Constants.java/src_uniq_5
Constants.java,AnalysisData/Source/Constants.java/src_uniq_2
Test.java,AnalysisData/Source/Test.java/src_uniq_0
Test.java,AnalysisData/Source/Test.java/src_uniq_1
Test.java,AnalysisData/Source/Test.java/src_uniq_3
Utils.java,AnalysisData/Source/Utils.java/src_uniq_0
App.java,AnalysisData/Source/App.java/src_uniq_0
Person.java,AnalysisData/Source/Person.java/src_uniq_14
Person.java,AnalysisData/Source/Person.java/src_uniq_0
Person.java,AnalysisData/Source/Person.java/src_uniq_1
Person.java,AnalysisData/Source/Person.java/src_uniq_5
Person.java,AnalysisData/Source/Person.java/src_uniq_2
Person.java,AnalysisData/Source/Person.java/src_uniq_6
A.java,AnalysisData/Source/A.java/src_uniq_0
A.java,AnalysisData/Source/A.java/src_uniq_1
A.java,AnalysisData/Source/A.java/src_uniq_2
Token.java,AnalysisData/Source/Token.java/src_uniq_12
Token.java,AnalysisData/Source/Token.java/src_uniq_0
Token.java,AnalysisData/Source/Token.java/src_uniq_1
Token.java,AnalysisData/Source/Token.java/src_uniq_13
Token.java,AnalysisData/Source/Token.java/src_uniq_2
Version.java,AnalysisData/Source/Version.java/src_uniq_4
Version.java,AnalysisData/Source/Version.java/src_uniq_0
Version.java,AnalysisData/Source/Version.java/src_uniq_1
Version.java,AnalysisData/Source/Version.java/src_uniq_2
Customer.java,AnalysisData/Source/Customer.java/src_uniq_4
Customer.java,AnalysisData/Source/Customer.java/src_uniq_0
Customer.java,AnalysisData/Source/Customer.java/src_uniq_11
Customer.java,AnalysisData/Source/Customer.java/src_uniq_1
Customer.java,AnalysisData/Source/Customer.java/src_uniq_8
Customer.java,AnalysisData/Source/Customer.java/src_uniq_2
Server.java,AnalysisData/Source/Server.java/src_uniq_0
Node.java,AnalysisData/Source/Node.java/src_uniq_0
Parser.java,AnalysisData/Source/Parser.java/src_uniq_0
AppTest.java,AnalysisData/Source/AppTest.java/src_uniq_0
Address.java,AnalysisData/Source/Address.java/src_uniq_4
Address.java,AnalysisData/Source/Address.java/src_uniq_0
Address.java,AnalysisData/Source/Address.java/src_uniq_1
Address.java,AnalysisData/Source/Address.java/src_uniq_2
Address.java,AnalysisData/Source/Address.java/src_uniq_3
ParseException.java,AnalysisData/Source/ParseException.java/src_uniq_14
ParseException.java,AnalysisData/Source/ParseException.java/src_uniq_7
ParseException.java,AnalysisData/Source/ParseException.java/src_uniq_4
ParseException.java,AnalysisData/Source/ParseException.java/src_uniq_0
ParseException.java,AnalysisData/Source/ParseException.java/src_uniq_16
ParseException.java,AnalysisData/Source/ParseException.java/src_uniq_1
ParseException.java,AnalysisData/Source/ParseException.java/src_uniq_9
ParseException.java,AnalysisData/Source/ParseException.java/src_uniq_8
ParseException.java,AnalysisData/Source/ParseException.java/src_uniq_5
ParseException.java,AnalysisData/Source/ParseException.java/src_uniq_2
ParseException.java,AnalysisData/Source/ParseException.java/src_uniq_6
Attribute.java,AnalysisData/Source/Attribute.java/src_uniq_7
Attribute.java,AnalysisData/Source/Attribute.java/src_uniq_0
Attribute.java,AnalysisData/Source/Attribute.java/src_uniq_1
Attribute.java,AnalysisData/Source/Attribute.java/src_uniq_5
B.java,AnalysisData/Source/B.java/src_uniq_0
B.java,AnalysisData/Source/B.java/src_uniq_1
B.java,AnalysisData/Source/B.java/src_uniq_2
C.java,AnalysisData/Source/C.java/src_uniq_0
C.java,AnalysisData/Source/C.java/src_uniq_1
C.java,AnalysisData/Source/C.java/src_uniq_2
Handler.java,AnalysisData/Source/Handler.java/src_uniq_4
Handler.java,AnalysisData/Source/Handler.java/src_uniq_0
Handler.java,AnalysisData/Source/Handler.java/src_uniq_1
Base64.java,AnalysisData/Source/Base64.java/src_uniq_1
Base64.java,AnalysisData/Source/Base64.java/src_uniq_2
Base64.java,AnalysisData/Source/Base64.java/src_uniq_6
Type.java,AnalysisData/Source/Type.java/src_uniq_0
Type.java,AnalysisData/Source/Type.java/src_uniq_1
Item.java,AnalysisData/Source/Item.java/src_uniq_0
Item.java,AnalysisData/Source/Item.java/src_uniq_1
Logger.java,AnalysisData/Source/Logger.java/src_uniq_4
Logger.java,AnalysisData/Source/Logger.java/src_uniq_0
Logger.java,AnalysisData/Source/Logger.java/src_uniq_1
User.java,AnalysisData/Source/User.java/src_uniq_0
User.java,AnalysisData/Source/User.java/src_uniq_1
User.java,AnalysisData/Source/User.java/src_uniq_3
Employee.java,AnalysisData/Source/Employee.java/src_uniq_0
Employee.java,AnalysisData/Source/Employee.java/src_uniq_2
Filter.java,AnalysisData/Source/Filter.java/src_uniq_0
Group.java,AnalysisData/Source/Group.java/src_uniq_7
Group.java,AnalysisData/Source/Group.java/src_uniq_4
Group.java,AnalysisData/Source/Group.java/src_uniq_0
Group.java,AnalysisData/Source/Group.java/src_uniq_1
Element.java,AnalysisData/Source/Element.java/src_uniq_0
Element.java,AnalysisData/Source/Element.java/src_uniq_1
Context.java,AnalysisData/Source/Context.java/src_uniq_0
Context.java,AnalysisData/Source/Context.java/src_uniq_3
Configuration.java,AnalysisData/Source/Configuration.java/src_uniq_0
Configuration.java,AnalysisData/Source/Configuration.java/src_uniq_1
Service.java,AnalysisData/Source/Service.java/src_uniq_0
Foo.java,AnalysisData/Source/Foo.java/src_uniq_0
Foo.java,AnalysisData/Source/Foo.java/src_uniq_1
Foo.java,AnalysisData/Source/Foo.java/src_uniq_3
ObjectFactory.java,AnalysisData/Source/ObjectFactory.java/src_uniq_2
Message.java,AnalysisData/Source/Message.java/src_uniq_0
Entity.java,AnalysisData/Source/Entity.java/src_uniq_4
Entity.java,AnalysisData/Source/Entity.java/src_uniq_0
Entity.java,AnalysisData/Source/Entity.java/src_uniq_1
Entity.java,AnalysisData/Source/Entity.java/src_uniq_2
Entity.java,AnalysisData/Source/Entity.java/src_uniq_3
Resource.java,AnalysisData/Source/Resource.java/src_uniq_0
Resource.java,AnalysisData/Source/Resource.java/src_uniq_1
Resource.java,AnalysisData/Source/Resource.java/src_uniq_3
Text.java,AnalysisData/Source/Text.java/src_uniq_0
Text.java,AnalysisData/Source/Text.java/src_uniq_5
Command.java,AnalysisData/Source/Command.java/src_uniq_0
Command.java,AnalysisData/Source/Command.java/src_uniq_1
Expression.java,AnalysisData/Source/Expression.java/src_uniq_0
Expression.java,AnalysisData/Source/Expression.java/src_uniq_1
Event.java,AnalysisData/Source/Event.java/src_uniq_0
Event.java,AnalysisData/Source/Event.java/src_uniq_2
main.c,AnalysisData/Source/main.c/src_uniq_28
main.c,AnalysisData/Source/main.c/src_uniq_54
main.c,AnalysisData/Source/main.c/src_uniq_40
main.c,AnalysisData/Source/main.c/src_uniq_118
main.c,AnalysisData/Source/main.c/src_uniq_0
main.c,AnalysisData/Source/main.c/src_uniq_26
main.c,AnalysisData/Source/main.c/src_uniq_1
main.c,AnalysisData/Source/main.c/src_uniq_22
util.c,AnalysisData/Source/util.c/src_uniq_38
util.c,AnalysisData/Source/util.c/src_uniq_44
util.c,AnalysisData/Source/util.c/src_uniq_2
util.c,AnalysisData/Source/util.c/src_uniq_23
misc.c,AnalysisData/Source/misc.c/src_uniq_7
misc.c,AnalysisData/Source/misc.c/src_uniq_0
getopt.c,AnalysisData/Source/getopt.c/src_uniq_31
getopt.c,AnalysisData/Source/getopt.c/src_uniq_48
getopt.c,AnalysisData/Source/getopt.c/src_uniq_10
getopt.c,AnalysisData/Source/getopt.c/src_uniq_1
getopt.c,AnalysisData/Source/getopt.c/src_uniq_9
getopt.c,AnalysisData/Source/getopt.c/src_uniq_45
getopt.c,AnalysisData/Source/getopt.c/src_uniq_15
error.c,AnalysisData/Source/error.c/src_uniq_31
error.c,AnalysisData/Source/error.c/src_uniq_4
error.c,AnalysisData/Source/error.c/src_uniq_1
error.c,AnalysisData/Source/error.c/src_uniq_13
error.c,AnalysisData/Source/error.c/src_uniq_2
error.c,AnalysisData/Source/error.c/src_uniq_36
utils.c,AnalysisData/Source/utils.c/src_uniq_2
init.c,AnalysisData/Source/init.c/src_uniq_28
init.c,AnalysisData/Source/init.c/src_uniq_0
init.c,AnalysisData/Source/init.c/src_uniq_9
init.c,AnalysisData/Source/init.c/src_uniq_37
init.c,AnalysisData/Source/init.c/src_uniq_2
test.c,AnalysisData/Source/test.c/src_uniq_0
file.c,AnalysisData/Source/file.c/src_uniq_21
file.c,AnalysisData/Source/file.c/src_uniq_0
log.c,AnalysisData/Source/log.c/src_uniq_4
log.c,AnalysisData/Source/log.c/src_uniq_16
md5.c,AnalysisData/Source/md5.c/src_uniq_48
md5.c,AnalysisData/Source/md5.c/src_uniq_4
md5.c,AnalysisData/Source/md5.c/src_uniq_0
md5.c,AnalysisData/Source/md5.c/src_uniq_10
md5.c,AnalysisData/Source/md5.c/src_uniq_13
md5.c,AnalysisData/Source/md5.c/src_uniq_2
md5.c,AnalysisData/Source/md5.c/src_uniq_24
md5.c,AnalysisData/Source/md5.c/src_uniq_3
debug.c,AnalysisData/Source/debug.c/src_uniq_0
debug.c,AnalysisData/Source/debug.c/src_uniq_1
debug.c,AnalysisData/Source/debug.c/src_uniq_2
common.c,AnalysisData/Source/common.c/src_uniq_1
common.c,AnalysisData/Source/common.c/src_uniq_2
version.c,AnalysisData/Source/version.c/src_uniq_0
version.c,AnalysisData/Source/version.c/src_uniq_1
hash.c,AnalysisData/Source/hash.c/src_uniq_21
hash.c,AnalysisData/Source/hash.c/src_uniq_4
hash.c,AnalysisData/Source/hash.c/src_uniq_8
hash.c,AnalysisData/Source/hash.c/src_uniq_2
time.c,AnalysisData/Source/time.c/src_uniq_71
time.c,AnalysisData/Source/time.c/src_uniq_0
time.c,AnalysisData/Source/time.c/src_uniq_1
config.c,AnalysisData/Source/config.c/src_uniq_0
list.c,AnalysisData/Source/list.c/src_uniq_1
list.c,AnalysisData/Source/list.c/src_uniq_20
list.c,AnalysisData/Source/list.c/src_uniq_3
io.c,AnalysisData/Source/io.c/src_uniq_0
io.c,AnalysisData/Source/io.c/src_uniq_2
setup.c,AnalysisData/Source/setup.c/src_uniq_0
plugin.c,AnalysisData/Source/plugin.c/src_uniq_0
getopt1.c,AnalysisData/Source/getopt1.c/src_uniq_0
getopt1.c,AnalysisData/Source/getopt1.c/src_uniq_1
getopt1.c,AnalysisData/Source/getopt1.c/src_uniq_5
getopt1.c,AnalysisData/Source/getopt1.c/src_uniq_2
getopt1.c,AnalysisData/Source/getopt1.c/src_uniq_3
getopt1.c,AnalysisData/Source/getopt1.c/src_uniq_6
options.c,AnalysisData/Source/options.c/src_uniq_0
irq.c,AnalysisData/Source/irq.c/src_uniq_0
snprintf.c,AnalysisData/Source/snprintf.c/src_uniq_14
snprintf.c,AnalysisData/Source/snprintf.c/src_uniq_0
snprintf.c,AnalysisData/Source/snprintf.c/src_uniq_16
snprintf.c,AnalysisData/Source/snprintf.c/src_uniq_23
memory.c,AnalysisData/Source/memory.c/src_uniq_2
memory.c,AnalysisData/Source/memory.c/src_uniq_17
socket.c,AnalysisData/Source/socket.c/src_uniq_0
socket.c,AnalysisData/Source/socket.c/src_uniq_2
socket.c,AnalysisData/Source/socket.c/src_uniq_3
cpu.c,AnalysisData/Source/cpu.c/src_uniq_1
malloc.c,AnalysisData/Source/malloc.c/src_uniq_0
malloc.c,AnalysisData/Source/malloc.c/src_uniq_11
malloc.c,AnalysisData/Source/malloc.c/src_uniq_1
malloc.c,AnalysisData/Source/malloc.c/src_uniq_2
malloc.c,AnalysisData/Source/malloc.c/src_uniq_3
ffi.c,AnalysisData/Source/ffi.c/src_uniq_22
buffer.c,AnalysisData/Source/buffer.c/src_uniq_7
buffer.c,AnalysisData/Source/buffer.c/src_uniq_0
string.c,AnalysisData/Source/string.c/src_uniq_0
string.c,AnalysisData/Source/string.c/src_uniq_1
print.c,AnalysisData/Source/print.c/src_uniq_3
clock.c,AnalysisData/Source/clock.c/src_uniq_1
event.c,AnalysisData/Source/event.c/src_uniq_1
event.c,AnalysisData/Source/event.c/src_uniq_2
lock.c,AnalysisData/Source/lock.c/src_uniq_0
lock.c,AnalysisData/Source/lock.c/src_uniq_2
base64.c,AnalysisData/Source/base64.c/src_uniq_0
base64.c,AnalysisData/Source/base64.c/src_uniq_10
base64.c,AnalysisData/Source/base64.c/src_uniq_11
base64.c,AnalysisData/Source/base64.c/src_uniq_1
base64.c,AnalysisData/Source/base64.c/src_uniq_8
base64.c,AnalysisData/Source/base64.c/src_uniq_3
module.c,AnalysisData/Source/module.c/src_uniq_0
signal.c,AnalysisData/Source/signal.c/src_uniq_0
main.cpp,AnalysisData/Source/main.cpp/src_uniq_14
main.cpp,AnalysisData/Source/main.cpp/src_uniq_121
main.cpp,AnalysisData/Source/main.cpp/src_uniq_103
main.cpp,AnalysisData/Source/main.cpp/src_uniq_109
main.cpp,AnalysisData/Source/main.cpp/src_uniq_104
main.cpp,AnalysisData/Source/main.cpp/src_uniq_151
main.cpp,AnalysisData/Source/main.cpp/src_uniq_119
main.cpp,AnalysisData/Source/main.cpp/src_uniq_139
main.cpp,AnalysisData/Source/main.cpp/src_uniq_135
main.cpp,AnalysisData/Source/main.cpp/src_uniq_77
main.cpp,AnalysisData/Source/main.cpp/src_uniq_158
main.cpp,AnalysisData/Source/main.cpp/src_uniq_73
main.cpp,AnalysisData/Source/main.cpp/src_uniq_146
main.cpp,AnalysisData/Source/main.cpp/src_uniq_117
main.cpp,AnalysisData/Source/main.cpp/src_uniq_81
main.cpp,AnalysisData/Source/main.cpp/src_uniq_155
main.cpp,AnalysisData/Source/main.cpp/src_uniq_92
main.cpp,AnalysisData/Source/main.cpp/src_uniq_125
main.cpp,AnalysisData/Source/main.cpp/src_uniq_99
main.cpp,AnalysisData/Source/main.cpp/src_uniq_68
main.cpp,AnalysisData/Source/main.cpp/src_uniq_69
main.cpp,AnalysisData/Source/main.cpp/src_uniq_48
main.cpp,AnalysisData/Source/main.cpp/src_uniq_40
main.cpp,AnalysisData/Source/main.cpp/src_uniq_12
main.cpp,AnalysisData/Source/main.cpp/src_uniq_85
main.cpp,AnalysisData/Source/main.cpp/src_uniq_118
main.cpp,AnalysisData/Source/main.cpp/src_uniq_138
main.cpp,AnalysisData/Source/main.cpp/src_uniq_71
main.cpp,AnalysisData/Source/main.cpp/src_uniq_62
main.cpp,AnalysisData/Source/main.cpp/src_uniq_0
main.cpp,AnalysisData/Source/main.cpp/src_uniq_147
main.cpp,AnalysisData/Source/main.cpp/src_uniq_101
main.cpp,AnalysisData/Source/main.cpp/src_uniq_47
main.cpp,AnalysisData/Source/main.cpp/src_uniq_16
main.cpp,AnalysisData/Source/main.cpp/src_uniq_10
main.cpp,AnalysisData/Source/main.cpp/src_uniq_140
main.cpp,AnalysisData/Source/main.cpp/src_uniq_163
main.cpp,AnalysisData/Source/main.cpp/src_uniq_86
main.cpp,AnalysisData/Source/main.cpp/src_uniq_65
main.cpp,AnalysisData/Source/main.cpp/src_uniq_142
main.cpp,AnalysisData/Source/main.cpp/src_uniq_88
main.cpp,AnalysisData/Source/main.cpp/src_uniq_89
main.cpp,AnalysisData/Source/main.cpp/src_uniq_137
main.cpp,AnalysisData/Source/main.cpp/src_uniq_11
main.cpp,AnalysisData/Source/main.cpp/src_uniq_159
main.cpp,AnalysisData/Source/main.cpp/src_uniq_156
main.cpp,AnalysisData/Source/main.cpp/src_uniq_128
main.cpp,AnalysisData/Source/main.cpp/src_uniq_1
main.cpp,AnalysisData/Source/main.cpp/src_uniq_127
main.cpp,AnalysisData/Source/main.cpp/src_uniq_100
main.cpp,AnalysisData/Source/main.cpp/src_uniq_42
main.cpp,AnalysisData/Source/main.cpp/src_uniq_37
main.cpp,AnalysisData/Source/main.cpp/src_uniq_8
main.cpp,AnalysisData/Source/main.cpp/src_uniq_13
main.cpp,AnalysisData/Source/main.cpp/src_uniq_84
main.cpp,AnalysisData/Source/main.cpp/src_uniq_70
main.cpp,AnalysisData/Source/main.cpp/src_uniq_78
main.cpp,AnalysisData/Source/main.cpp/src_uniq_74
main.cpp,AnalysisData/Source/main.cpp/src_uniq_79
main.cpp,AnalysisData/Source/main.cpp/src_uniq_132
main.cpp,AnalysisData/Source/main.cpp/src_uniq_35
main.cpp,AnalysisData/Source/main.cpp/src_uniq_98
main.cpp,AnalysisData/Source/main.cpp/src_uniq_2
main.cpp,AnalysisData/Source/main.cpp/src_uniq_3
main.cpp,AnalysisData/Source/main.cpp/src_uniq_58
main.cpp,AnalysisData/Source/main.cpp/src_uniq_83
main.cpp,AnalysisData/Source/main.cpp/src_uniq_149
main.cpp,AnalysisData/Source/main.cpp/src_uniq_6
main.cpp,AnalysisData/Source/main.cpp/src_uniq_80
main.cpp,AnalysisData/Source/main.cpp/src_uniq_15
main.cpp,AnalysisData/Source/main.cpp/src_uniq_67
main.cpp,AnalysisData/Source/main.cpp/src_uniq_141
main.cpp,AnalysisData/Source/main.cpp/src_uniq_108
mainwindow.cpp,AnalysisData/Source/mainwindow.cpp/src_uniq_14
mainwindow.cpp,AnalysisData/Source/mainwindow.cpp/src_uniq_12
mainwindow.cpp,AnalysisData/Source/mainwindow.cpp/src_uniq_4
mainwindow.cpp,AnalysisData/Source/mainwindow.cpp/src_uniq_0
mainwindow.cpp,AnalysisData/Source/mainwindow.cpp/src_uniq_16
mainwindow.cpp,AnalysisData/Source/mainwindow.cpp/src_uniq_10
mainwindow.cpp,AnalysisData/Source/mainwindow.cpp/src_uniq_1
mainwindow.cpp,AnalysisData/Source/mainwindow.cpp/src_uniq_9
mainwindow.cpp,AnalysisData/Source/mainwindow.cpp/src_uniq_8
mainwindow.cpp,AnalysisData/Source/mainwindow.cpp/src_uniq_13
mainwindow.cpp,AnalysisData/Source/mainwindow.cpp/src_uniq_5
mainwindow.cpp,AnalysisData/Source/mainwindow.cpp/src_uniq_2
mainwindow.cpp,AnalysisData/Source/mainwindow.cpp/src_uniq_17
mainwindow.cpp,AnalysisData/Source/mainwindow.cpp/src_uniq_6
Main.cpp,AnalysisData/Source/Main.cpp/src_uniq_1
test.cpp,AnalysisData/Source/test.cpp/src_uniq_1
test.cpp,AnalysisData/Source/test.cpp/src_uniq_2
test.cpp,AnalysisData/Source/test.cpp/src_uniq_3
window.cpp,AnalysisData/Source/window.cpp/src_uniq_4
window.cpp,AnalysisData/Source/window.cpp/src_uniq_10
window.cpp,AnalysisData/Source/window.cpp/src_uniq_1
window.cpp,AnalysisData/Source/window.cpp/src_uniq_9
window.cpp,AnalysisData/Source/window.cpp/src_uniq_5
window.cpp,AnalysisData/Source/window.cpp/src_uniq_2
window.cpp,AnalysisData/Source/window.cpp/src_uniq_3
window.cpp,AnalysisData/Source/window.cpp/src_uniq_6
utils.cpp,AnalysisData/Source/utils.cpp/src_uniq_0
module.cpp,AnalysisData/Source/module.cpp/src_uniq_1
stdafx.cpp,AnalysisData/Source/stdafx.cpp/src_uniq_0
config.cpp,AnalysisData/Source/config.cpp/src_uniq_0
StdAfx.cpp,AnalysisData/Source/StdAfx.cpp/src_uniq_0
timer.cpp,AnalysisData/Source/timer.cpp/src_uniq_7
client.cpp,AnalysisData/Source/client.cpp/src_uniq_1
debug.cpp,AnalysisData/Source/debug.cpp/src_uniq_5
debug.cpp,AnalysisData/Source/debug.cpp/src_uniq_3
image.cpp,AnalysisData/Source/image.cpp/src_uniq_0
image.cpp,AnalysisData/Source/image.cpp/src_uniq_1
error.cpp,AnalysisData/Source/error.cpp/src_uniq_0
error.cpp,AnalysisData/Source/error.cpp/src_uniq_2
Precompiled.cpp,AnalysisData/Source/Precompiled.cpp/src_uniq_0
view.cpp,AnalysisData/Source/view.cpp/src_uniq_1
view.cpp,AnalysisData/Source/view.cpp/src_uniq_2
common.cpp,AnalysisData/Source/common.cpp/src_uniq_0
options.cpp,AnalysisData/Source/options.cpp/src_uniq_0
thread.cpp,AnalysisData/Source/thread.cpp/src_uniq_0
button.cpp,AnalysisData/Source/button.cpp/src_uniq_4
button.cpp,AnalysisData/Source/button.cpp/src_uniq_1
object.cpp,AnalysisData/Source/object.cpp/src_uniq_0
object.cpp,AnalysisData/Source/object.cpp/src_uniq_1
log.cpp,AnalysisData/Source/log.cpp/src_uniq_0
